{"cameraMode":{"drawMode":0,"name":"Shaded","section":"Shading Mode"},"sceneLighting":false,"audioPlay":false,"sceneViewState":{"m_AlwaysRefresh":false,"showFog":true,"showSkybox":false,"showFlares":true,"showImageEffects":true,"showParticleSystems":true,"showVisualEffectGraphs":true,"m_FxEnabled":true},"in2DMode":false,"pivot":{"x":6.26668643951416,"y":2.009999990463257,"z":0.6956318616867065},"rotation":{"x":0.12231713533401489,"y":-0.8765958547592163,"z":0.35149717330932619,"w":0.30536964535713198},"size":0.38860970735549929,"orthographic":false}