{"cameraMode":{"drawMode":0,"name":"Shaded","section":"Shading Mode"},"sceneLighting":true,"audioPlay":false,"sceneViewState":{"m_AlwaysRefresh":false,"showFog":true,"showSkybox":true,"showFlares":true,"showImageEffects":true,"showParticleSystems":true,"showVisualEffectGraphs":true,"m_FxEnabled":true},"in2DMode":false,"pivot":{"x":0.05818195641040802,"y":-3.0309996604919435,"z":21.227563858032228},"rotation":{"x":0.1571776121854782,"y":0.0075003583915531639,"z":-0.0008532422361895442,"w":0.9876925349235535},"size":17.656387329101564,"orthographic":false}